GROUP,PACKAGE,CLASS,INSTRUCTION_MISSED,INSTRUCTION_COVERED,BRANCH_MISSED,BRANCH_COVERED,LINE_MISSED,LINE_COVERED,COMPLEXITY_MISSED,COMPLEXITY_COVERED,METHOD_MISSED,METHOD_COVERED
timesheet,tn.esprit.spring.controller,ControllerEmployeImpl,253,0,8,0,82,0,50,0,46,0
timesheet,tn.esprit.spring.controller,RestControlDepartement,24,0,0,0,7,0,5,0,5,0
timesheet,tn.esprit.spring.controller,RestControlEntreprise,42,0,0,0,12,0,8,0,8,0
timesheet,tn.esprit.spring.controller,ControllerEntrepriseImpl,42,0,0,0,12,0,8,0,8,0
timesheet,tn.esprit.spring.controller,RestControlTimesheet,44,0,0,0,11,0,7,0,7,0
timesheet,tn.esprit.spring.controller,RestControlEmploye,107,0,0,0,30,0,19,0,19,0
timesheet,tn.esprit.spring.controller,ControllerTimesheetImpl,44,0,0,0,11,0,7,0,7,0
timesheet,tn.esprit.spring,TimesheetApplication,68,0,0,0,12,0,5,0,5,0
timesheet,tn.esprit.spring.services,ContratServiceImpl,8,0,0,0,2,0,2,0,2,0
timesheet,tn.esprit.spring.services,EmployeServiceImpl,272,0,26,0,60,0,32,0,19,0
timesheet,tn.esprit.spring.services,DepartementServiceImpl,34,0,0,0,7,0,5,0,5,0
timesheet,tn.esprit.spring.services,TimesheetServiceImpl,190,0,16,0,44,0,16,0,8,0
timesheet,tn.esprit.spring.services,EntrepriseServiceImpl,278,0,14,0,68,0,16,0,9,0
timesheet,tn.esprit.spring.config,LoginFilter,41,0,6,0,9,0,5,0,2,0
timesheet,tn.esprit.spring.entities,Contrat,50,0,0,0,22,0,12,0,12,0
timesheet,tn.esprit.spring.entities,Employe,178,0,0,0,57,0,25,0,25,0
timesheet,tn.esprit.spring.entities,Timesheet,31,0,0,0,13,0,9,0,9,0
timesheet,tn.esprit.spring.entities,TimesheetPK,159,0,26,0,49,0,25,0,12,0
timesheet,tn.esprit.spring.entities,Role,44,0,0,0,2,0,1,0,1,0
timesheet,tn.esprit.spring.entities,MissionExterne,28,0,0,0,12,0,6,0,6,0
timesheet,tn.esprit.spring.entities,Entreprise,76,0,0,0,27,0,12,0,12,0
timesheet,tn.esprit.spring.entities,Departement,53,0,0,0,24,0,13,0,13,0
timesheet,tn.esprit.spring.entities,Mission,47,0,0,0,21,0,12,0,12,0
